age,income,credit_score,loan_amount,loan_term_months,interest_rate,num_existing_loans,has_criminal_record,dti,approved
56,14932,575,421390,36,5.06272643155685,2,1,0.8867738589745774,0
23,13462,741,135280,12,8.543116732591631,1,1,0.8989595321876167,0
19,14712,772,38416,48,13.011815680038527,3,0,0.13124186950030714,0
34,1505,448,442334,48,6.446945708340733,0,1,6.96286358802885,0
52,10857,780,181546,36,4.3559735658291245,2,1,0.5516033273274588,0
35,12667,304,204145,60,8.693874431425392,0,0,0.33215824707643127,0
51,13116,608,207774,48,4.571228298449229,1,1,0.38461708501755637,0
34,9965,365,238398,12,19.777496593901976,1,0,2.243703152212322,0
64,11195,331,148799,60,11.781734925173987,0,1,0.294199461377239,0
31,13345,604,284625,60,16.056420450787567,1,0,0.5417806215146395,0
66,10009,834,451285,12,14.80617854884316,1,0,4.095410134390706,0
25,7272,366,260034,12,10.691380923174576,2,0,3.2377364751531545,0
23,13948,341,85842,60,13.982415910984797,2,1,0.18616365922393152,0
31,7820,350,109549,12,10.388841900695315,2,0,1.3108593862386833,0
41,11537,743,216758,48,13.524737314514729,1,0,0.534947170711747,0
58,3444,483,140785,24,18.049914859895598,1,0,2.1289084153917677,0
42,5473,792,248575,24,5.761253264919523,1,1,2.062904059213133,0
28,14331,553,170593,36,11.55009327401685,0,0,0.39282261845572136,0
50,9667,577,16096,60,7.8672195858046035,1,0,0.06468883381086801,0
21,6240,813,325955,12,9.118687395517007,0,0,4.571023945865649,0
57,3248,783,79014,24,12.448527772379505,3,1,1.4273507212211458,0
58,13949,507,188660,48,5.557675378165003,2,0,0.35791291278924303,0
42,7384,808,115683,24,18.01105020921724,0,1,0.7822301683999193,0
66,3121,610,216628,24,14.601043153625858,3,1,3.6406761363121074,0
46,6745,669,65082,12,18.291147523962145,1,0,0.9304282927291838,0
45,2677,530,33605,60,8.374008733765141,1,1,0.3688529088058935,0
39,6629,484,382219,60,4.7372078694596045,1,1,1.1264167585208509,0
58,14077,750,491720,48,12.48928531543875,0,1,0.9282742266029468,0
31,6035,847,92379,36,18.95606390760853,3,1,0.7098914204322692,0
20,12079,446,267673,36,4.602670759250035,3,0,0.7347244373538484,0
38,5982,458,281535,12,18.301126834505126,2,1,4.421847346752601,0
27,5040,514,75287,48,15.821512871219367,3,1,0.6005513516662381,0
62,11371,819,267474,36,12.64089408874099,0,0,0.7885024499728043,0
43,8522,451,361015,36,8.063521605490614,3,1,1.4343440580088105,0
46,5514,405,423605,36,18.210504240436826,0,0,2.7854742495894147,0
46,4363,828,343377,48,6.54186481234594,0,1,1.8679351854891957,0
27,6490,521,295511,24,14.74777416066264,3,1,2.3409784741458797,0
54,8208,758,181331,60,18.188305814962145,1,0,0.5998063992188281,0
59,2402,747,117138,48,18.33825003709648,1,0,1.5660563947480741,0
18,10988,679,444368,36,9.365680769594318,0,1,1.2929134607413544,0
46,10006,367,214798,48,17.097508359518045,2,0,0.6804763828014032,0
23,13440,434,323859,36,17.249118847286866,1,0,0.884423321588304,0
20,2764,588,210537,60,16.349759806724677,3,0,2.192134205243341,0
63,10176,504,213044,36,9.360907054942302,3,0,0.757722494182798,0
37,8042,795,84191,36,7.775275570590596,3,1,0.43888592321507314,0
23,7928,728,173839,48,13.035439691611218,1,0,0.6264787336336152,0
57,10672,755,366397,12,14.158573711861596,0,1,3.0851831274035155,0
43,13502,571,374598,12,11.820440325782588,1,1,2.484900062718502,0
60,5104,609,449367,60,5.112338212579781,2,1,1.7835534275152252,0
60,12714,459,419401,36,5.666119584965754,0,1,0.9985558916044116,0
65,2751,834,108746,60,16.464764048443612,0,1,0.9710725552475064,0
40,1632,397,415180,36,17.914930443833214,1,0,9.370122357746514,0
21,10055,783,438462,36,6.497435814304286,2,1,1.39611251813968,0
39,9942,331,120329,36,13.744859054797924,2,0,0.4725070050253685,0
69,6703,360,310480,60,8.921719665489361,0,1,0.9597590335575199,0
42,1048,789,115663,12,16.304739914911494,2,1,10.601994380273565,0
52,9306,481,409688,24,5.134856295934578,1,0,1.966294342593625,0
35,10033,778,226564,48,7.917154493139977,1,0,0.5803132640360712,0
41,6506,424,333643,24,13.240641265485017,3,0,2.582190965155788,0
55,10172,804,210290,48,10.868280322679457,2,1,0.591979268916828,0
68,1138,428,178897,12,7.132866926924157,0,0,13.611893841546605,0
38,7094,777,289005,60,4.578956347294997,3,0,0.8878359105176151,0
32,7344,674,209726,24,10.102164662095236,2,1,1.4008283256076963,0
66,4438,731,79033,60,4.472751082149664,2,1,0.46697491859749757,0
38,4579,566,302523,36,14.169026978752559,0,1,2.263457531608697,0
67,12840,701,426162,36,17.48325332135503,3,0,1.2614120254757806,0
41,13474,745,192908,48,6.845192756394582,2,1,0.38634255626547886,0
36,13098,381,394583,48,6.470266246639359,0,1,0.714010309628914,0
59,8413,629,198181,36,11.077472986029301,3,1,0.8790520684832723,0
50,14158,801,449636,36,10.021461314051333,3,1,1.088643870552171,0
48,11809,638,454077,60,8.4006190774105,1,0,0.8124609031526024,0
45,2395,811,448112,12,5.42342871236084,1,0,16.17901768196171,0
54,4657,817,464975,12,16.556125640883124,3,1,9.278515139115397,0
60,10880,753,89345,12,16.191938744344714,2,0,0.8009619354872929,0
20,14458,638,180093,12,4.165490180574302,3,1,1.123843001208004,0
56,14664,360,323670,48,3.095118189451376,0,0,0.48948666919035716,0
40,12914,493,155686,48,5.667038979765809,2,0,0.3277505984053648,0
21,2954,608,120670,36,10.97125013328299,3,0,1.6414821559801598,0
19,12670,814,482494,12,5.018449531857735,3,0,3.331426660725964,0
27,4687,795,200327,24,6.238239045363514,0,1,1.8988981230645146,0
58,14242,750,350792,60,5.025825646543047,0,0,0.4651052603614615,0
34,2691,538,324111,60,14.840373237206368,0,1,2.8552387184302552,0
67,11752,654,137063,48,13.887128644391884,3,0,0.3946301047320326,0
27,1098,482,466279,24,4.424978144857706,0,0,18.5213511823973,0
49,11504,538,147398,36,17.588166407591036,1,1,0.4866471184458476,0
67,14566,744,352953,24,13.511224702271683,3,0,1.219614644568568,0
45,11373,500,344715,60,8.484006373697728,2,1,0.6743778438200669,0
32,5374,602,343083,24,3.6971517265997518,2,1,2.8753535953865668,0
49,9703,307,395729,12,19.59117970256961,0,0,3.770048039637342,0
69,9077,813,482260,48,14.729464638552443,2,0,1.5374698878564241,0
63,10458,522,239703,60,11.625311103501396,3,0,0.591584052733266,0
39,4489,652,138038,60,12.224153902912734,1,0,0.7543412415211019,0
43,4536,751,159461,24,13.77045604306647,1,0,1.7501988168856544,0
41,3061,510,170965,36,11.131657686401898,0,0,1.8320288020765847,0
30,7349,849,340522,36,14.392856178151288,1,1,1.6333262074135584,0
43,2814,662,13800,24,11.076071650918317,0,1,0.2287404638707355,0
65,1813,760,377354,60,16.382046878720438,3,0,5.600271651832776,0
34,1822,700,77959,48,8.418847478274078,3,1,1.5469657356500655,0
40,5651,694,449958,12,9.275368946634671,0,1,6.9734512423367585,0
26,6499,356,168585,12,7.902896037733537,0,0,2.255327950578131,0
42,8845,591,431122,48,18.34269053489693,3,0,1.5422883559576175,0
40,10136,594,450412,36,19.93055455061306,0,0,1.6498609557605721,0
46,3729,762,367900,36,15.795413969384715,3,1,3.699958058526356,0
48,1134,778,40345,24,8.350723559158684,0,1,1.6147754917079025,0
41,9250,589,111025,24,7.771250932855188,1,0,0.5740308027412422,0
32,13173,441,309771,24,17.081524918845286,2,0,1.2091335949184154,0
67,6514,829,312353,60,11.511711723758172,3,1,1.1930140532150353,0
58,9390,830,340854,12,19.161009376582957,3,0,3.4438909936169897,0
51,12161,432,372722,24,14.47071304784152,1,0,1.503038580904623,0
65,14706,436,397987,60,7.558987696467085,1,1,0.5634437394016423,0
29,5243,544,324689,60,8.721005010502324,3,0,1.4488136820093338,0
41,4821,622,45320,60,15.08297935551377,3,0,0.4107311004546403,0
51,12810,323,186194,24,8.844507940806533,3,0,0.7332511702903584,0
59,1803,491,176677,48,12.056510405950492,0,1,2.583187271174801,0
47,4796,428,498569,48,18.684075890486753,3,1,3.278624610262397,0
33,7757,697,71134,24,18.48768021618756,0,1,0.45998265496714724,0
36,3564,819,65346,60,7.110003335353462,3,0,0.6165328982270099,0
46,7501,703,92841,12,15.006590861771286,1,0,1.1571738058574794,0
61,10131,522,52994,60,19.81001582569544,0,0,0.13803383192711466,0
53,12077,609,31836,60,18.895208238777904,3,0,0.14275141113267265,1
32,8950,382,349208,36,5.986880200534156,0,0,1.186760687749654,0
61,5509,821,421822,36,5.708367392612835,3,0,2.4826605915147844,0
50,14316,420,187239,12,3.3521580899461982,0,0,1.1098082762994161,0
26,11992,446,455000,12,7.207639151277645,1,1,3.311644115084863,0
44,10735,539,254608,48,16.087881248008795,3,0,0.7570681792048725,0
52,10757,358,143131,60,19.674086939762375,1,1,0.3780038129158129,0
61,2822,322,186900,60,9.096819461051124,1,1,1.4842398406938118,0
51,5763,728,42055,24,15.785545486458545,0,1,0.35655681248485044,0
61,10724,529,49431,60,12.828767420496813,3,1,0.18839789239140559,0
21,9978,757,329252,60,19.978985873156525,0,1,0.873853962820972,0
29,3122,590,175781,60,6.341608667460621,2,1,1.2896639645303871,0
30,5581,550,12338,24,13.459048611408267,3,0,0.26684014079507473,0
39,13225,622,343615,36,19.475927165713024,0,1,0.9586687820795454,0
62,6616,485,67639,24,6.4990162269496405,1,0,0.5007608564292897,0
67,9030,577,156400,48,10.459665612670438,2,1,0.5095595512418485,0
24,2379,823,258212,60,3.888332004850216,2,1,2.2456351386329274,0
56,3488,646,197150,24,8.372496249753164,2,0,2.737984969650991,0
50,9035,784,15963,36,13.964526124250181,2,0,0.12676286799981165,1
35,5920,349,182234,60,7.834357814547919,1,1,0.6724018557430974,0
62,7178,561,441114,24,10.815687697305009,1,0,2.900758372565054,0
65,8853,497,293342,60,4.540302160110753,3,0,0.7199997676101438,0
21,10046,411,441443,48,15.336500181637591,2,1,1.2901771136661522,0
36,12756,468,15749,24,8.802553865632213,0,0,0.056292185121850594,0
61,6410,319,382952,60,11.538092525379236,0,0,1.3150449588141602,0
65,14324,460,149843,12,17.8218714317087,1,0,0.9791193532798992,0
57,11083,395,110938,48,4.407623190428351,2,0,0.28197795225993294,0
39,11032,366,6298,36,5.614229296374582,2,1,0.07165504395933822,0
22,6755,708,312524,60,17.591702329195805,0,0,1.164589702445728,0
20,6252,758,347257,24,9.200266369340468,3,1,2.6865440812514696,0
47,9058,498,397117,12,10.092774224642277,3,1,3.955622732157428,0
32,11894,782,417031,60,4.769757246900001,3,1,0.7336451162479033,0
69,2080,618,238368,12,10.959639208999786,0,1,10.12638069559853,0
63,13062,740,168042,36,14.555048212844046,2,0,0.4891044505698075,0
22,1941,414,290134,36,13.579615734832522,0,0,5.078287973667246,0
31,7470,523,481453,36,14.985210546366451,0,0,2.2337670297394387,0
35,3553,360,457104,36,9.577106597327457,1,0,4.210208499784237,0
58,1182,556,410771,36,8.003935161234764,2,1,11.398321396197094,0
22,11576,470,198157,48,14.257800314300631,0,0,0.4699890483099131,0
21,6006,462,105025,24,9.134490983915374,2,0,0.899854049944131,0
48,7330,368,187119,12,12.34255504112128,3,0,2.394992804912967,0
51,4766,344,346682,60,13.28968903424816,0,1,1.6658806573580538,0
31,12448,751,360183,36,6.021172379994342,3,1,0.9528374317433412,0
23,3901,776,178720,48,12.312232076291135,3,0,1.4442009675349612,0
66,7987,596,245705,12,16.80955740187264,1,1,2.8405237634332607,0
58,4898,711,347891,12,13.46948599758457,0,1,6.359607383478349,0
40,5312,300,279629,12,8.100480284013544,2,0,4.6945558252892,0
18,1769,845,179591,36,14.15967795949585,2,1,3.816807195932299,0
40,6946,546,40746,36,4.218970967914526,2,0,0.2601435828397747,0
32,10074,475,460218,24,11.30325970139189,3,0,2.2249970545235054,0
65,12150,383,337879,12,9.616026988430463,3,0,2.5139610449870897,0
25,9855,541,439751,36,17.36488927913269,0,1,1.5990154685330116,0
27,7958,625,301634,36,9.5929912975518,0,0,1.2158009409835866,0
45,10077,375,327867,24,17.464866054611093,1,1,1.6457096776182993,0
33,8557,748,479364,48,8.467529112622218,2,0,1.4500598253089256,0
25,10669,341,404104,48,6.076419995207796,2,1,0.9470952482432822,0
48,3409,525,119136,60,19.012474115554866,1,1,0.9947994360008768,0
63,11662,496,129614,24,13.886978478841685,0,1,0.5330323804008936,0
22,7629,587,447793,36,12.171235242501709,2,0,2.033003658549451,0
66,1284,694,123419,60,6.68625340445566,1,1,2.1227540499776216,0
35,6680,712,82887,48,3.661277887210763,1,1,0.32319953027893533,0
68,12697,683,190100,60,15.78494872847967,1,1,0.38601002139402957,0
54,8680,594,368118,60,12.071837614743256,1,0,0.9794874707265573,0
31,10221,412,167501,12,12.674747402570228,1,0,1.4905767383772774,0
18,5799,322,331736,24,15.881847881238388,0,0,2.797741814938499,0
38,1862,608,32209,12,18.570388214674573,3,1,2.0739372938560448,0
25,1597,476,345674,36,9.82704629887671,2,0,7.342441918691709,0
18,12514,840,371364,12,7.6259605552934,2,0,2.6242753424665155,0
31,4451,758,123922,36,18.707429130898078,0,1,1.0164406445323828,0
63,10829,720,256997,12,8.231764781067156,1,0,2.0946822925377626,0
51,14166,679,364120,48,14.13030527636604,0,0,0.7040755149611448,0
46,5663,468,241887,48,11.621394230619938,1,1,1.1698640908345548,0
65,2209,832,114071,60,14.47970450288851,0,0,1.2144350131753283,0
63,13647,648,275364,60,19.30307879283547,3,0,0.5927378652019719,0
28,2539,430,76099,36,3.137862106956022,3,0,1.2279155070595853,0
18,6608,733,282770,24,3.890646198744857,0,1,1.856160238404459,0
20,2594,776,226706,36,16.076544512356328,1,1,3.1915498245811293,0
32,2841,751,169371,12,5.672164614786092,2,0,5.333209524664183,0
66,8002,591,195467,12,15.528503168805159,2,0,2.285841658171093,0
47,9598,543,443419,48,10.410062922989363,3,1,1.2746171227465772,0
55,10540,587,12429,48,10.519341248700432,0,1,0.030203084876743207,0
30,9414,638,20393,12,10.664240380450007,2,1,0.25485180221683845,0
62,5173,496,457673,12,13.433985427915628,0,1,7.920230238390115,0
33,3018,332,220824,12,3.2028381287066368,3,1,6.501925432803822,0
19,6755,725,311977,36,10.784399122949806,3,0,1.6405482081792002,0
42,10311,328,7643,36,14.296792065207608,0,0,0.025441054145847092,0
40,2875,627,31935,12,15.481847424846661,0,1,1.0051009594642737,0
40,2202,359,226674,24,6.138362136604671,3,0,4.977505922583138,0
42,7399,645,142813,48,17.47369956515753,3,0,0.6833299508061326,0
67,11159,782,467881,24,3.9125328237675694,2,1,1.872881619906522,0
60,1931,457,325093,24,16.067934999390914,2,0,8.55935733455674,0
20,13405,709,391157,48,15.304375862480875,3,0,0.8837477821482237,0
41,12935,399,122256,12,16.649360500413756,0,1,0.8604557108602275,0
57,1779,525,277167,24,18.066776809667886,0,0,7.783169216984415,0
64,8552,627,191822,36,15.874616346495992,0,0,0.7871871149771829,0
51,7953,363,445976,60,5.172853549622534,3,1,1.175843155659239,0
56,4044,507,73220,60,16.785704452060713,1,1,0.5220770100792262,0
34,2638,334,191730,60,13.688802641957912,1,1,1.7931573682534463,0
66,7833,812,140801,48,3.430528018456889,1,0,0.4396015537412773,0
53,1693,367,452308,12,19.586229979785976,1,0,24.872894059273793,0
30,3425,505,264995,36,6.983788799917177,0,1,2.3884123445011145,0
57,8674,427,411911,12,19.59779916059279,3,0,4.4936507738051095,0
49,9401,464,351519,36,7.60104313494803,1,0,1.1967606265627433,0
52,3141,782,437889,24,18.06871863290058,3,1,7.25111659377088,0
25,10531,540,416258,12,14.309512868273252,2,0,3.611741836647226,0
65,10660,401,244924,36,13.184462862738338,2,0,0.8324798799592336,0
68,5921,690,221586,60,9.176906990914826,0,1,0.7800725007549314,0
59,7069,475,166211,12,17.30609651539771,2,1,2.232761060291471,0
55,2235,709,64690,24,3.2784971259240043,0,0,1.247619928220491,0
45,6679,612,286336,12,3.5320904135821176,0,0,3.641310362926379,0
32,8678,350,204777,48,13.31993484237033,3,0,0.7405193303145943,0
44,5773,687,141891,12,10.665029848151203,0,1,2.168439747023034,0
19,8284,316,391508,48,6.901980174686693,2,0,1.2019981051464244,0
36,7183,601,135544,36,15.582989963653764,1,0,0.7013039542810195,0
64,9910,565,233973,48,11.478767079565818,2,0,0.676256110408476,0
35,10794,432,357489,24,4.614186144733903,2,1,1.5028575011993828,0
35,13726,594,435118,36,13.246813082670329,1,0,1.0937363799747803,0
43,12998,391,129822,36,17.507126467094423,3,0,0.42786123180394414,0
48,13084,433,345939,24,18.376908022330664,3,0,1.3935921631057477,0
19,1107,821,226310,60,16.383353576499744,1,0,5.284211695230878,0
42,11644,802,229606,60,12.380021353422356,1,0,0.46819485596039345,0
28,7294,651,388049,12,5.360178389486951,2,0,4.645459580188586,0
61,5848,652,224316,24,14.344324179958845,0,1,1.84791072060188,0
51,13433,379,131036,24,12.519211015541405,3,0,0.5285594805912466,0
26,6780,739,166436,60,7.806055099235165,3,0,0.6282145615122843,0
58,7488,434,372254,36,12.066613649407243,0,1,1.6527786671586535,0
46,6459,727,96786,60,16.22567210461047,1,0,0.41264414427904567,0
22,6341,353,64789,12,12.724825752530013,1,0,0.9585894820734469,0
51,11453,555,219766,12,4.0230470741748565,2,1,1.6864898337396534,0
33,9933,300,395209,12,19.165847809844283,2,1,3.730232357139577,0
41,2957,683,225660,48,7.705530481459946,2,1,2.055421557598338,0
36,8316,515,135250,60,19.838924313309374,3,0,0.5376607477146844,0
31,13449,322,344392,48,19.924021162814377,1,0,0.8005083674934544,0
61,3801,350,291249,24,11.184594475471691,3,0,3.8146436491527966,0
23,11966,544,225244,36,7.409810153965783,3,1,0.6599668093497081,0
60,7865,656,36704,12,8.53385478143356,3,1,0.5215372294956198,0
26,14983,598,299803,12,13.779680824418543,1,0,1.814548368354352,0
50,12524,673,192259,60,7.622787672169871,0,1,0.3085039750051954,0
29,6743,653,187132,48,18.473631416259472,1,0,0.8665912109465856,0
52,12679,547,210863,36,10.489468414812183,1,1,0.5641230108398881,0
45,9500,587,144714,24,14.196504595517226,0,1,0.7327976797983297,0
59,13907,820,151116,48,5.855205743772171,1,0,0.27604375424255156,1
64,9190,353,329525,60,3.925210738072513,0,0,0.6591500680483776,0
39,4924,338,254395,24,15.573544733431229,2,1,2.640982163990729,0
24,7359,371,418869,36,11.199612519189646,3,1,1.9911486543142212,0
22,6823,310,209758,36,17.392272586488595,0,1,1.10207526114526,0
67,10005,538,108835,12,14.198120240204824,0,1,0.9777240733391239,0
66,3888,646,258044,36,19.542617170961954,0,0,2.451082501287025,0
62,9271,741,434132,24,5.410819038053816,3,1,2.160063421440097,0
42,10826,797,130689,24,15.121302661009201,0,0,0.5860157119257728,0
65,13234,786,432140,48,8.938991765111954,2,0,0.856982620147305,0
38,2405,642,149858,24,13.564116342768392,1,1,3.1036568786585037,0
25,14318,549,32699,24,15.82983450042044,2,1,0.1535401159051443,0
27,7575,638,207432,60,14.807177286790607,3,0,0.7675013100910615,0
55,3313,684,438019,60,19.964834914668476,0,1,3.5002280900437444,0
64,6622,699,158858,12,17.44288843644324,0,1,2.1929952211702086,0
22,7268,681,198393,12,18.62555553187004,0,0,2.5107023445823335,0
67,2203,356,108007,60,3.9391710660129506,0,1,0.9015659631349467,0
25,13660,505,495446,12,19.70497042225397,1,0,3.376681335033011,0
24,6620,811,247130,36,10.09208131437395,0,0,1.2061749363052707,0
54,11269,760,431572,24,5.784749649216548,1,1,1.7202682901105468,0
64,9737,487,183324,36,7.833032155126256,3,0,0.6809692619307938,0
23,14636,703,381877,36,17.48439410128342,2,1,0.977534545547004,0
49,9667,555,417325,24,12.313238781052926,0,0,2.0384854509522667,0
51,11588,520,139781,60,14.963922794409553,0,1,0.2867391887908987,0
26,13683,659,475230,36,19.91166928962119,2,0,1.3330313805676506,0
51,12864,768,458182,60,13.122197814858335,3,0,0.8825973384084403,0
66,3104,828,219659,24,17.044613818064285,1,1,3.5970192202292957,0
23,6077,581,115314,36,11.0563434981953,2,0,0.7204722730009894,0
33,3943,712,60984,48,16.384060927887354,3,0,0.6696227743753028,0
43,2877,313,48240,24,7.999730110272409,2,0,0.9668955863380964,0
53,13883,411,419648,48,11.828913330493407,1,0,0.8150776446134811,0
47,2737,485,350716,36,10.587898670259527,1,1,4.279747380213186,0
56,5734,719,347941,48,9.046244542339663,0,1,1.511365330490326,0
64,10220,812,32675,12,17.400077758021663,0,0,0.2922037771732912,1
38,6006,400,475648,36,12.58817660645287,0,0,2.652726320854205,0
57,6446,775,285376,36,15.661433913840805,3,1,1.6886965430863465,0
18,2265,606,184507,48,13.803084899729916,2,1,2.482878482812609,0
59,11652,471,450134,60,5.934064087247716,3,0,0.8229108433796766,0
66,2855,433,115057,12,13.138298152461267,3,1,3.9173536646582123,0
55,13813,542,109812,36,3.3556042843815366,1,1,0.25415940772760853,0
69,12805,411,457254,60,18.00273736243687,2,0,0.9536842781321148,0
65,9214,337,173729,60,14.336874474237597,0,0,0.4420203446315735,0
48,8381,575,337694,12,14.87886146541181,0,0,3.634457787147966,0
26,8324,803,52148,60,3.4661643301524996,2,1,0.1859530441145031,0
38,9578,738,151754,60,6.639249966721401,2,0,0.3736844175560807,0
66,12028,553,72391,24,5.135984962340327,3,0,0.3392338077846471,0
39,12515,679,441352,36,7.175452873607835,1,0,1.1157092721015436,0
53,12115,558,341043,24,6.53313143826996,0,0,1.254419698779257,0
63,1772,677,201950,60,8.810400913679246,2,1,2.693900197851986,0
31,10697,347,274294,36,17.571117154003687,3,0,1.0056530853554695,0
46,2369,492,204660,36,9.042247076613336,0,0,2.7489059202979873,0
20,9491,679,206119,48,13.05001441600319,2,0,0.6463781029853788,0
41,4266,774,213341,36,7.551745067731524,0,0,1.556798614592712,0
58,11195,474,229693,48,12.37797555404083,0,0,0.5441190158198244,0
45,8914,669,231657,48,14.416314151955346,3,1,0.8165642875579101,0
33,9851,310,345591,60,15.585248274201986,3,0,0.9367712574571845,0
19,7072,407,330936,48,11.984840943588917,1,0,1.2743709306906823,0
51,4549,558,258956,60,10.695418580956598,3,1,1.4269237290552814,0
43,4002,609,425350,12,16.358032336001532,0,0,9.66128770893551,0
51,1683,376,25799,24,11.983287724859933,2,1,1.0779840587640845,0
26,5047,800,151781,12,15.767190604673413,2,0,2.8441656737160725,0
62,8786,550,278662,24,6.020841297733326,0,0,1.4059966963193176,0
51,1963,325,434211,36,3.0084039849729596,2,1,6.73916930922051,0
57,1159,475,70490,36,16.73293636161283,0,0,2.160312076369001,0
21,11644,389,230292,24,17.619330945422604,2,1,1.0352806754413952,0
40,9583,577,71429,36,16.836282515162047,1,0,0.29644396058565137,0
53,12433,808,471061,12,4.430749220581347,3,0,3.306005510217981,0
27,13574,371,465215,12,7.3177260486966755,3,0,3.036813990554343,0
50,9209,756,325062,36,5.445423545491014,2,1,1.1301488148901908,0
21,3432,665,273504,48,13.663750234128162,3,1,2.4265296196285004,0
45,12249,359,393229,60,12.575501516871348,1,1,0.7479753412624709,0
69,5390,517,204987,24,4.915713872478617,0,0,1.6670369028821717,0
33,12928,667,257355,48,8.993586366115096,0,1,0.4953207268404716,0
39,13193,848,227129,12,9.621461782983683,3,0,1.5787374024005225,0
54,12089,530,406191,24,7.919698061459801,2,1,1.5680408526495915,0
56,7475,581,440862,48,13.067388370881895,3,1,1.7046119240623174,0
38,2899,762,494085,12,18.684266261552608,2,0,15.887811065629784,0
67,1229,792,70606,60,9.012702446120368,2,0,1.6811226576396727,0
34,3921,300,347210,24,7.721093802899421,0,1,3.9936848450972313,0
39,1491,722,407753,12,3.001195675131348,1,1,23.363066287015144,0
34,6559,474,236381,36,10.756038762391736,3,0,1.3129333608212148,0
56,2146,746,370075,36,16.01698576925358,2,0,6.3438222880668675,0
53,6198,559,424941,48,16.149752969987283,3,1,2.0935081633553083,0
47,14322,649,62493,24,7.207806707648636,0,0,0.195773201347901,1
24,1077,398,89473,48,16.14588996614557,1,1,2.639164490895478,0
39,3359,573,213994,24,19.31711655093816,3,0,3.489175571235543,0
40,14218,467,255927,24,11.889133231887207,0,0,0.8464007896723315,0
68,7771,542,15632,48,18.66007493967063,0,0,0.05978629565225924,0
41,6646,589,309503,24,16.583318274755463,1,1,2.3383440106928903,0
44,12959,424,255584,24,14.679059030424874,2,1,0.9995736214405667,0
23,7711,476,105006,12,12.57640286034063,3,0,1.3303065823425768,0
49,4089,766,210948,24,16.98190817718791,0,0,2.550235517843094,0
55,9110,457,354562,48,5.337934422870513,3,1,1.001064795278046,0
62,5222,544,116112,36,8.894595284943124,3,1,0.878329590829381,0
38,12494,692,34741,48,3.0605814295194063,3,0,0.13365609070326187,1
56,12342,588,176394,24,14.175217681488737,2,0,0.7360065556090742,0
68,8540,817,461514,24,19.69168006673333,1,0,2.777479006020409,0
22,12105,687,360679,24,7.7108713991423095,0,0,1.3436608076848964,0
54,10272,570,441347,60,18.062124318068925,3,1,1.1801240168556764,0
18,13647,553,262198,12,9.704810778381825,0,1,1.6864796810931377,0
47,4529,607,455922,36,3.578355822059482,3,1,3.1519731443584202,0
54,5230,409,105689,60,7.73881349500463,1,1,0.46458989279737534,0
56,14422,551,378920,48,10.596808616797357,1,0,0.6947273456151507,0
45,9616,516,216963,48,18.935154478422987,0,0,0.67385582470724,0
69,2696,429,261881,60,3.7204200045634654,0,1,1.776693909117445,0
53,12845,648,469932,12,14.046814003191214,3,1,3.3557175225578044,0
65,8623,329,64579,48,12.87939731309065,3,0,0.30483935713539456,0
63,1543,668,433136,36,12.629593302374678,2,1,9.797088366379043,0
52,14382,524,445713,12,11.080100074409073,0,0,2.7401967165362215,0
48,6713,752,38000,12,16.43698773738862,1,1,0.5594571078953717,0
53,6193,709,254796,36,5.182722857432461,2,0,1.3333417301130206,0
33,8847,474,304207,24,14.609076582409836,0,1,1.6608498981510278,0
38,11135,693,231003,24,13.783086603071702,2,0,1.0478188800552324,0
39,14891,414,51342,12,9.480077014865174,1,1,0.3224344796441638,0
64,9827,424,218778,12,4.4247368486368766,3,0,1.9915954622206804,0
64,5930,846,327888,24,8.6330431048988,0,0,2.51675105557048,0
48,12341,397,445421,36,14.981563567603045,1,0,1.2751514587529977,0
45,3757,702,265615,36,3.0455282039105023,2,0,2.21712431817452,0
62,10964,676,396524,36,4.933129064460604,3,0,1.164928730597389,0
39,3725,561,454441,12,19.434682554203505,2,1,11.429278213316396,0
64,8196,398,328941,48,10.27393104366509,1,0,1.0598015591296779,0
52,14125,700,79851,24,8.240601413694433,2,0,0.2987761525321879,1
50,4682,732,346219,12,18.209048094885752,2,1,6.914953128012026,0
59,9152,654,324754,36,3.9749354699938144,2,0,1.1128072220296632,0
37,14950,794,333514,24,13.728801664722202,3,0,1.1284463432979055,0
35,14511,744,141270,48,5.962672845112488,3,1,0.2904908649494274,0
31,2338,338,69659,48,5.728532051501448,2,0,0.9526466196873576,0
38,14743,411,173130,60,16.672999654759252,1,1,0.3101366265076019,0
45,10768,701,95307,48,17.72829367753051,0,0,0.2587416155081524,1
58,2375,389,399908,24,6.644041068094833,3,0,7.890715183920527,0
34,1616,786,309057,12,6.235722394503945,3,0,17.037703775542365,0
36,6068,482,454676,12,6.675710956373553,1,0,6.521703143395283,0
33,3317,837,142268,24,8.036135100561333,3,0,2.2118604808873443,0
23,5737,795,194126,24,12.07782398682152,1,0,1.646372954415895,0
30,3539,466,60978,24,5.075430371400143,2,1,0.9260384245889124,0
20,14784,578,93969,12,18.33969034041752,3,1,0.6446344609041617,0
55,12330,453,133935,36,10.810596894185174,0,0,0.35465179408496617,0
27,6291,405,383301,60,6.197892941608886,0,0,1.1835326459686812,0
31,9730,707,353916,24,12.403001071448871,3,0,1.811586802642492,0
39,12464,473,254472,24,19.978919208689916,0,0,1.0389069479692987,0
38,12572,756,417246,36,4.9448983827100275,1,1,1.0177312387782032,0
55,7410,554,457534,24,15.099984809308314,2,1,3.0777369781005666,0
57,4717,785,334817,36,19.103513482671488,2,0,2.7327938807011423,0
19,1965,466,410829,12,19.021297891481545,2,1,19.574947022249894,0
42,10237,509,251211,60,9.875522746963101,1,1,0.5491958804546235,0
47,8858,528,73277,24,9.952864649108184,2,0,0.44928514658861834,0
31,1847,676,78889,36,4.185197605555068,3,0,1.7518259121845672,0
34,1702,344,485309,24,3.472222436064178,0,0,12.315328358709303,0
35,1347,400,219371,12,6.901155739923666,1,1,14.306951863181672,0
61,2877,817,47121,24,5.930027465656959,0,0,0.7253896768468147,0
46,9363,481,39839,60,15.673373887524306,3,1,0.1988579230478051,0
55,6407,618,145218,24,8.75285146581797,1,0,1.0797240280823455,0
66,2897,452,312244,36,8.083304645449521,3,0,3.692301034846533,0
46,11146,550,170971,36,7.344186299358084,1,1,0.5029638425697303,0
23,9967,478,161163,36,3.6229835358808726,3,0,0.5649836571556063,0
29,13585,498,422804,24,18.195736836429706,0,0,1.556725702385458,0
24,10884,363,451838,60,8.213855226258254,3,0,0.9286989996851764,0
47,8704,472,122506,12,8.986357922586887,2,0,1.299696188797926,0
19,6530,305,328655,48,9.076591463044377,2,0,1.3461793925815293,0
36,14513,329,411587,48,8.526993365658834,1,0,0.7200556307023573,0
28,4452,510,447234,36,17.309758442227242,1,1,3.6644527349672793,0
45,11460,326,431405,48,11.303333192302894,0,1,0.9784942049780476,0
39,8615,663,490312,48,9.80633599648085,1,1,1.4730152880081528,0
69,5729,502,44247,12,5.047295222297434,0,1,0.6613428711204051,0
65,9890,671,104262,12,15.82766667869993,1,0,0.9859737165132892,0
65,12546,626,224527,12,18.47016221219264,1,1,1.66865188124014,0
41,11535,520,458126,36,7.753379550088756,2,0,1.2920623738006822,0
35,12179,771,188070,60,18.53172921047003,2,1,0.44587481931933554,0
54,7596,382,465937,24,15.607178466959251,3,0,3.1103696883192655,0
50,5791,825,233840,60,7.5057843891602065,2,0,0.9128504037368309,0
51,3669,563,29579,48,10.513088529942134,2,0,0.3699943721757853,0
44,11127,789,368663,24,9.885698698667653,2,1,1.5810626850429668,0
38,6317,636,418153,36,19.67841883571707,3,1,2.5916784170628344,0
24,11367,671,330932,24,8.571326475835903,0,1,1.3243192992675559,0
55,1097,652,391335,60,15.717311672318125,0,1,8.621538576344172,0
37,3118,779,98952,60,6.3955931672150195,2,1,0.8118261795111215,0
38,3167,809,120517,48,7.935113012438667,2,1,1.1173043334218735,0
36,12690,482,78062,48,11.677428767910863,0,1,0.1610189253838646,0
34,12461,583,363386,60,9.468358399094686,2,0,0.6601528422804974,0
19,8703,699,228349,12,9.548392993183805,3,1,2.4046391541974534,0
31,2671,388,37797,36,3.818744577046867,1,0,0.5289678157414125,0
18,1376,783,162088,12,12.744001912671614,1,1,10.725144008621172,0
24,7239,416,102873,48,12.504538858287459,3,0,0.5020851961693581,0
26,10256,772,145883,12,6.603833425841335,3,1,1.3159276451934834,0
68,7345,418,451144,24,14.0083461923249,2,0,3.0309738662593437,0
69,14916,773,435814,24,5.754550790139704,2,1,1.3319508067222878,0
20,4421,612,495536,60,13.628734230443747,2,1,2.7222570543633164,0
61,11230,401,203596,36,3.0287803174740255,1,1,0.5541763702606449,0
69,10481,652,496679,36,15.240981901176998,3,0,1.7342058454142149,0
42,1332,400,136020,48,6.843510547736546,0,0,2.4379142671816347,0
61,14170,582,96216,36,3.3036346800859393,1,1,0.2195462956086947,0
52,10356,434,187821,24,4.3713126925178525,1,1,0.8195431337811729,0
58,8297,520,406325,12,19.794344889719802,3,0,4.640199363590443,0
22,12565,351,341390,36,7.946147995673535,0,1,0.8507316104296625,0
22,14863,435,463786,24,6.634224153099824,0,1,1.391917842421765,0
27,4900,688,439097,60,8.734636492146233,2,1,1.971119304996819,0
29,14387,599,491064,12,16.838909795793974,3,0,3.172992144218552,0
33,2940,335,397105,36,15.792774498205459,0,0,4.734843789027993,0
22,1859,644,343920,36,17.614306045041424,1,0,6.813927086241614,0
61,14547,400,17887,36,12.31895397255332,3,0,0.10289633086761459,0
18,8190,697,355450,48,7.620388191341477,0,1,1.0518162191463754,0
63,5256,551,294734,48,17.903308305792258,3,1,1.8156253085013616,0
24,8646,481,314978,48,8.986430487818332,2,1,0.9757357791010798,0
69,4716,773,357732,12,11.097514624971549,1,1,6.771251379013962,0
62,1030,797,348606,48,10.865693140860918,0,1,8.725421225958785,0
35,12141,347,472263,12,11.947389017153125,3,1,3.5292293131240644,0
35,8369,519,237986,12,12.810656861332742,3,1,2.6448949593901827,0
61,12279,354,453443,36,9.060289372427945,0,0,1.175347577484779,0
53,1479,819,82404,24,7.067071638263361,0,1,2.4962445719665776,0
53,9161,428,195363,60,6.796558742728282,2,1,0.4857217921166686,0
33,13973,653,174072,48,16.53160838243624,1,1,0.3779268209042999,0
62,3669,620,391041,48,5.8499234469594334,0,1,2.4957010295742013,0
58,2255,782,460995,24,14.678859635232959,0,1,9.881076953816587,0
36,13434,697,186981,60,12.71470482345631,0,1,0.3146594113195572,0
48,10685,723,392724,24,15.768637356612604,0,0,1.7955640967909063,0
48,11289,370,145882,24,3.7824150824157297,1,0,0.5864820717985001,0
32,6607,561,428857,60,8.91179481947972,1,0,1.3900436414066382,0
39,7068,820,271830,48,4.214058436408045,3,0,0.9993968324242224,0
42,10112,393,38470,48,4.673226728291199,2,0,0.14638584817670644,0
58,13221,554,64990,24,9.33155133972298,1,1,0.24801055591823898,0
60,3829,794,292528,12,13.657832120733365,2,0,7.003962696450244,0
49,13907,447,333163,12,11.82727638219307,1,0,2.1481423460124334,0
65,7477,562,494861,24,18.10518172604941,2,1,3.3878090030206702,0
20,1696,539,25512,36,19.802422813247915,3,1,1.0881786418787605,0
35,12465,849,399479,12,12.505932483841733,1,0,2.8790889042269323,0
29,13618,569,235625,12,12.594677296623988,0,1,1.542120878759942,0
33,5762,808,493183,24,14.565699207566345,2,0,4.236576076458007,0
18,8780,540,275263,12,16.45624730742225,1,0,2.885457578496002,0
20,9306,762,5953,12,12.292116101572514,1,0,0.0891608304262333,0
18,8151,671,446849,60,11.136311856580098,3,0,1.3060954918555523,0
26,2694,804,322544,36,8.65064586264145,3,0,4.121918992836436,0
47,2899,605,239150,48,16.69810113426382,1,1,2.4709854206743334,0
40,3086,391,296337,60,6.022552840064908,0,1,1.8574635590762159,0
52,10727,681,235344,12,12.113800252859875,1,0,1.9784245684516375,0
38,1041,632,341728,36,6.647229231750626,0,0,10.08312954099482,0
53,4162,640,311663,48,7.633431503275159,0,1,1.8152550154964728,0
34,1742,599,44941,24,13.089177646324854,2,0,1.572020661008188,0
45,14290,805,26950,48,18.71164937109472,0,0,0.05610309638481647,1
45,13034,672,309877,24,16.375411217787782,1,1,1.19135988195615,0
60,14733,599,67792,24,4.502626475448479,0,1,0.20084517320042689,0
40,9562,762,123363,60,15.809367381119625,2,0,0.37517961360812174,0
57,7121,493,266886,12,6.489309828868356,2,1,3.318353075212138,0
25,12280,320,181146,24,6.352613818688997,1,1,0.680563013598128,0
55,10014,590,303042,36,5.229044976598727,2,1,0.9700056984277778,0
51,14746,542,398845,60,17.946639552372353,1,0,0.7063927478726425,0
58,3751,454,433344,12,7.144229971436516,3,1,10.243845766585759,0
67,12823,682,315307,48,4.327825108735929,1,0,0.5822102418864401,0
45,14790,464,288657,12,4.624219868391083,2,0,1.7080134071525093,0
62,3451,606,319210,24,18.860302472603834,1,1,4.743343237347208,0
62,10588,329,167698,48,16.410722194798517,3,1,0.5372079697005284,0
66,2535,371,223173,36,9.432149089082593,1,0,2.9356264913612895,0
34,14062,646,472781,24,16.938326389009138,1,1,1.6826450781528168,0
47,2276,624,316847,60,7.232704993845516,3,1,3.167309089199122,0
40,7208,632,187362,36,3.3072704235921955,1,1,0.8010713032365546,0
24,11826,714,423408,12,15.66309395924275,1,1,3.2681125676042644,0
26,13288,675,436955,48,17.761264634097877,0,1,0.9618533457810805,0
40,9708,382,55307,60,10.992110996839068,3,0,0.21655239072176946,0
24,4690,832,73230,60,18.225555117654856,3,1,0.590310831453746,0
34,9193,696,218934,48,8.085078484064992,3,0,0.6802530629337125,0
58,7736,685,317364,24,4.3282271964713495,0,1,1.7874764734773325,0
50,2000,349,29092,12,14.047870694785107,2,0,1.606371070227035,0
67,11756,712,479298,36,14.263629893863872,1,1,1.4241839996430288,0
56,13094,699,489115,12,10.038401278534929,2,0,3.3305113269057363,0
33,9865,313,48727,48,5.243538105023337,3,0,0.2055278160104382,0
51,6570,617,351844,48,4.388020179364664,1,1,1.2641617531859421,0
25,3021,453,41454,36,18.618045925618688,2,0,0.6989557069827023,0
28,5254,342,50544,24,14.603233301918085,0,1,0.4646349145269806,0
45,5108,575,293905,12,15.14116375121457,3,1,5.373326263236407,0
22,8940,499,313440,36,3.7086263233125183,0,1,1.0305845666987747,0
59,8232,536,179166,48,15.10179717813979,0,1,0.6068481539696381,0
47,5474,376,367470,60,11.95171676089439,3,1,1.6560475117892948,0
25,7288,634,297536,48,5.651445182991166,0,1,0.9522767548367322,0
18,5491,509,51652,12,18.93843962536352,3,1,1.0305143267887111,0
53,4324,364,238221,60,6.396501282347238,1,1,1.1446640761726348,0
68,6724,349,178005,48,4.989648869907647,2,0,0.6987648418781035,0
56,11343,713,92463,24,15.065497341123125,3,0,0.4748390025884819,0
32,4645,766,329031,48,19.36254527030177,2,1,2.2607370611345057,0
65,12016,673,294615,24,12.878086136681434,2,1,1.2141868541931433,0
52,11893,692,314151,12,17.46861488860901,0,0,2.415031902364607,0
24,6039,577,396593,48,9.225544032701407,3,0,1.7903232014598136,0
28,12385,385,57600,60,5.4479645762832885,0,0,0.08872378211364629,0
27,10610,732,398727,60,5.844660644025035,1,0,0.7520963655813736,0
52,8688,394,146233,12,5.09148763618166,3,1,1.5452084024646124,0
18,7028,654,381223,12,9.211545695886082,0,1,4.748993157696858,0
63,5825,401,266950,36,3.89297172104354,0,0,1.3508539683080996,0
40,3623,707,475253,12,3.489194102546704,3,0,11.387501111488524,0
35,4089,568,135749,36,18.079462341664854,1,1,1.2748996069791658,0
53,5763,347,110837,12,8.034557740889797,1,1,1.72537004912007,0
31,2585,319,275587,12,7.252328562502299,0,0,9.237027311697782,0
48,6068,760,469506,24,7.515450853773414,2,1,3.5812256934986846,0
40,12167,779,414212,36,7.585438820328948,1,1,1.0849698753369956,0
32,3653,833,472263,12,19.781347454703536,1,0,12.044468662964826,0
26,1307,433,493485,24,6.257267974411437,3,0,17.466570678091887,0
65,4254,365,271669,36,13.562350814544757,2,1,2.3101458918861377,0
42,12766,428,122701,36,8.821965946369808,1,0,0.3283487407429991,0
32,11942,673,45903,60,7.36347484263926,0,0,0.07677330738738296,1
22,2585,361,401058,24,12.755419785842085,0,1,7.358215430097579,0
39,3796,655,211909,60,14.754997568477716,3,1,1.5579791414533928,0
20,5577,529,473123,12,4.947384386192406,3,0,7.421814893334555,0
65,5733,337,24503,36,9.833819947450408,0,0,0.1375776257720395,0
22,6300,463,105061,24,13.22419844478875,3,1,0.9374384582543163,0
29,9141,495,496953,36,15.984901258518413,2,0,1.9765549542483245,0
19,5371,778,374993,12,13.90611401651407,2,0,6.377392938846274,0
44,1398,817,253224,12,4.345810582205546,1,1,15.666687413854266,0
47,3861,813,486144,48,13.907350871749173,3,1,3.66796678446252,0
19,3009,323,487437,24,14.748268999193819,2,1,8.03453969232858,0
49,11055,388,195526,24,15.645923350693897,2,0,0.9172785929583859,0
68,5501,640,84438,12,7.620701123132361,0,1,1.33254480468592,0
58,11661,444,425050,24,12.750029620253708,2,1,1.7801030282504258,0
38,10964,751,28429,36,3.004369827258534,0,1,0.07541084078246144,0
58,9030,610,45381,48,12.943931496510217,2,0,0.20112913605142319,1
29,10322,623,31051,12,5.663046422821142,3,0,0.34563477077416155,1
69,14056,605,61590,36,5.841938638146548,3,1,0.19701759779839503,0
32,2560,509,487746,36,3.7423909814549816,2,0,5.8376479528322704,0
62,1380,415,48951,36,14.835771808691144,2,0,1.6615712627122572,0
47,10672,754,26430,60,8.574483017779748,0,0,0.05089966287726566,1
48,6512,337,70332,36,13.20995646405092,1,0,0.41106907706561935,0
67,1866,823,458692,24,5.020281540049236,0,0,10.786506994025174,0
30,12904,720,321949,60,15.510108558656876,2,1,0.6467467208662852,0
48,1010,699,335025,60,6.150135356367912,0,0,6.436025794640067,0
53,5874,710,181200,12,8.295782267270987,3,0,2.840840142730141,0
66,9966,493,111067,48,6.09299281518014,2,0,0.3224111696244871,0
41,12985,635,438953,24,19.147518040689956,0,1,1.7064680077601688,0
33,8984,794,223205,12,18.101375281499653,1,0,2.3123556406136956,0
39,10516,358,333260,12,8.840770495934333,2,1,2.8261199303174576,0
40,10020,718,373516,12,11.726167689725832,3,1,3.3970673960512268,0
64,4762,609,156902,60,11.23025341240001,3,0,0.909171410994673,0
66,6618,779,255686,24,11.211763269293556,0,1,1.8044915965920927,0
60,2994,831,137025,36,13.667680246862728,2,1,1.7572156598922015,0
28,9602,647,220041,48,4.653267520459276,1,1,0.5553947609476568,0
66,3959,374,434260,24,16.2607560436235,1,1,5.460183190601685,0
62,7855,561,402253,60,14.909271992233904,0,1,1.2158401564790806,0
57,12361,509,144629,36,18.900583264563856,2,0,0.4768430215121219,0
29,1168,594,367486,36,18.054971661890022,0,0,11.383249482384876,0
19,3397,650,96495,36,10.634228968804045,0,0,0.9250616088643634,0
18,2088,533,203017,60,11.269677252530323,0,0,2.1271237476541005,0
68,3498,845,491214,24,3.985006874996925,1,1,6.182862167218679,0
41,4886,444,60661,36,16.82468546213041,3,1,0.6257554362875116,0
50,1943,588,402642,60,5.475301071879244,3,1,4.419115160150677,0
64,3820,400,195702,24,19.914810678146676,3,0,2.8409078069374862,0
37,13572,488,348954,36,8.653650286963645,2,0,0.8576834395403137,0
23,14833,735,118858,60,17.5800951794752,2,1,0.24210391613529028,0
19,2945,407,282471,24,5.53108450485961,2,0,4.434529315968134,0
49,2350,481,322882,12,13.885019989410555,1,0,12.45667191591529,0
26,1313,563,449036,24,9.784204890698408,0,1,15.747172646908464,0
67,7748,596,343296,48,10.84931245209087,0,0,1.141915800132294,0
49,9357,333,118007,24,10.008011707108738,1,0,0.6140708237973854,0
44,11005,528,463192,60,18.253993102654224,2,1,1.1291345860505915,0
65,12348,749,320206,12,19.177264732978063,3,1,2.4648676487155723,0
30,13812,520,183325,24,12.073015415000174,3,0,0.6904138852977953,0
22,10988,352,91815,12,5.961900475889211,0,0,0.7190190654198734,0
29,14522,764,234473,24,5.384503281887687,0,0,0.7111334392156875,0
43,13786,519,299905,36,7.904904330698233,3,1,0.746030868820287,0
32,4268,658,240897,12,18.460790205374394,1,0,5.257333044844005,0
46,14643,405,93438,12,13.676623194834503,1,1,0.5924549794222618,0
69,10402,481,140771,36,17.225447496531793,3,0,0.5705324987303806,0
21,7987,450,365770,12,14.534331988041828,0,0,4.12338350117396,0
63,3630,420,50430,24,13.2785304088973,1,0,0.7449413353933407,0
38,13279,668,484708,12,13.986499716828614,2,0,3.3223477168645563,0
50,3137,400,418854,60,8.152031142199046,2,0,2.9083064346374776,0
18,1117,677,340064,12,12.092565130192614,3,1,27.868399437151524,0
64,12362,514,452821,24,13.032301618454385,1,1,1.7662843079014918,0
49,7544,751,459967,12,14.249845128500304,2,1,5.561135046592943,0
30,8242,762,303608,36,8.376268196704755,1,0,1.197131710994949,0
32,1918,552,247366,60,9.926775434278108,1,1,2.8920169093753736,0
40,1293,654,141803,60,6.67077684366777,2,0,2.61863545984321,0
52,1393,479,326376,24,4.221682121546548,0,1,10.197471291097903,0
18,1233,641,265631,24,15.58326806315257,3,0,11.23543398462177,0
68,7932,500,394880,60,6.160070551804061,2,0,1.0418006089322793,0
65,4243,385,177463,24,7.531921077409316,1,0,1.9534147581667998,0
41,3729,746,427476,36,16.72785055259326,1,1,4.152011004060951,0
24,6352,728,251525,36,6.757429097776356,0,1,1.2182771194804833,0
19,1459,588,145666,60,16.704961250099313,2,0,2.876701100928778,0
40,8625,520,266529,48,12.785073855444216,3,1,0.930076161927342,0
44,12710,630,328909,48,10.369094929056253,1,0,0.6845321643753414,0
47,9869,485,184853,12,11.639615126561404,1,0,1.691439540388625,0
23,3677,542,272201,60,12.819152947867847,1,1,1.7591076308567726,0
45,9771,471,349859,48,7.031702849412573,0,1,0.8579424913978588,0
54,4360,361,182238,12,15.516482616725714,1,0,3.851591949431759,0
50,4407,484,309273,24,11.197371113084865,1,1,3.3453374948420076,0
68,12853,809,160145,12,14.383458166279706,3,0,1.1909957139867562,0
63,2839,423,96571,12,16.863122402324187,2,0,3.311540084603437,0
56,3706,445,352263,60,5.330038844093123,2,0,1.9700574487953835,0
61,8646,778,196007,36,4.1191332004184975,3,0,0.7746126572199178,0
44,4028,337,267453,60,11.677045162812897,2,1,1.6151410532645691,0
23,1494,606,375380,60,11.060275865837594,3,1,6.072931236675105,0
22,5112,631,282330,12,17.091148784356946,3,0,5.215581334202471,0
29,5706,441,338626,60,11.273650977625202,2,0,1.4035834203487574,0
60,14427,529,90783,60,17.40368669821563,0,1,0.15775584425738268,0
39,14387,803,43654,12,13.966811593802603,3,1,0.33494718663781203,0
52,12939,651,492113,24,19.482595687713875,3,1,1.9956932110324372,0
22,2869,468,109604,60,15.34611748247192,2,1,1.1249309120787503,0
26,7700,523,142032,12,11.933258514837505,1,1,1.6772645483632052,0
54,1683,781,326755,24,16.159521515571686,0,1,9.521008855393582,0
24,5494,779,14045,36,16.292149632149844,1,1,0.14485050946179137,0
28,9851,573,440647,60,19.537648438082986,2,0,1.234532491740474,0
29,2413,447,149054,36,12.542709264098402,3,1,2.4407172216058437,0
25,8526,685,52409,24,9.618129669328077,2,0,0.35294190581708457,1
64,8743,460,253440,24,15.030560288870705,2,1,1.4745666542985176,0
47,2399,715,31156,60,10.19937818018984,2,1,0.5273170227559357,0
18,10466,633,330252,48,17.249830849269216,3,1,1.0005900308461575,0
56,10671,423,174222,48,14.16571823009741,3,1,0.5318497813483835,0
67,11643,749,294352,60,18.834505105634637,3,1,0.7308145626039374,0
30,11556,682,451254,36,13.446447728023855,0,0,1.3241388318641663,0
23,6260,392,37812,24,7.5199926775476,2,1,0.36771060127567406,0
27,8694,459,19424,36,16.279046579135994,0,0,0.07885543950090021,0
51,7203,557,368881,12,14.153103228638072,3,0,4.726827849788366,0
62,6033,559,303147,36,15.23130008231685,2,0,1.847018043911717,0
48,12871,384,318186,60,17.035304139224003,1,1,0.6381619928606901,0
60,1143,387,456578,12,8.961554581484137,0,1,34.925879986300735,0
41,6001,813,123747,48,8.815545594039872,3,1,0.6613268355056425,0
69,2257,686,91882,60,8.746044234654116,0,1,0.8400595622050431,0
50,1428,834,292431,48,7.832898524406996,1,1,5.193403270435237,0
53,12291,511,39218,48,4.735296999426898,0,1,0.07309965396239274,0
26,13824,392,464767,60,11.976441847499917,3,1,0.8125689491786553,0
61,12108,736,39312,48,9.327313804897296,2,0,0.13085580276815303,1
35,2493,717,316635,24,18.728919430482676,2,1,6.626338225465239,0
42,13026,834,110185,48,17.761104082184573,2,1,0.2934857808026396,0
45,5381,824,257989,24,6.378062131150715,2,1,2.244606913502983,0
39,8545,830,45973,12,11.74928980121739,1,0,0.5124933181623877,0
34,3634,640,53106,48,13.285725273581344,3,0,0.6417841572618532,0
33,11038,816,461912,36,17.8232900401743,1,0,1.5363568611038603,0
27,11077,548,70195,12,13.756707245245176,3,0,0.6495056463433478,0
40,14942,429,355992,60,10.675168185798457,2,0,0.5543156296059324,0
28,14037,388,291592,60,16.3462477493678,3,0,0.5731073214394844,0
69,7073,563,403476,48,9.499721535075079,0,0,1.4331300774512123,0
23,5553,740,24746,24,17.025847238533217,0,1,0.2203863898113179,0
58,11713,400,423585,36,9.254742665714451,2,0,1.2055123683721178,0
31,9435,674,288742,60,18.492811496984203,1,1,0.8171464746823068,0
19,10417,332,425763,24,12.753857468202035,1,1,1.9672035603438107,0
24,11291,769,233187,48,10.49409709861323,3,1,0.6084235744072889,0
65,9661,804,39583,60,11.078124469844147,3,0,0.18240071864779706,1
32,3199,439,55981,24,15.265596895081414,1,0,0.9444828245442147,0
67,4183,452,357206,36,13.842046150647198,1,1,2.983760139568176,0
56,11587,726,80427,24,3.0056617274577335,1,0,0.3242471180624046,1
40,9761,474,292445,36,9.181749483737656,2,1,1.0167431668415765,0
52,2744,520,114825,24,7.421573499649063,0,0,1.8815540673278464,0
44,3426,349,391556,36,15.642545433445228,3,0,4.260638297886037,0
43,9003,470,220435,60,10.669008375475716,0,1,0.5283221683016853,0
66,14787,743,58331,48,13.520371867260478,2,1,0.1474255768033268,0
35,3112,700,132879,24,16.056736101600556,3,0,2.3810321203276086,0
26,11464,550,419171,24,11.562531970894803,1,1,1.7399083257591381,0
38,5095,352,112310,12,3.245164895416043,2,1,1.98714355480955,0
62,4486,832,8410,24,15.090044422308633,2,0,0.22472862101329993,1
62,2194,432,185706,48,11.397442620411553,1,1,2.340743177676864,0
39,6063,398,231636,24,13.389192606188338,0,1,1.8233200847491216,0
34,9990,764,15452,36,19.931827428741304,3,1,0.1475190284376145,0
22,9520,349,256457,60,3.935820581369912,1,0,0.5268510477636985,0
69,9124,538,448350,48,16.46255630395023,1,0,1.437179886398922,0
59,4977,791,261979,60,3.102084326594066,0,1,0.9482245566595623,0
27,12100,554,173250,12,10.379290592050573,3,0,1.3357030194604353,0
67,7198,449,418400,12,17.77963094130441,0,1,5.323012270857336,0
35,7883,313,128909,60,15.57146254431861,2,0,0.47006725063080257,0
56,1005,745,263525,48,5.231535748944216,1,0,6.364649538690378,0
40,5977,648,323323,60,3.1221754538649957,1,1,1.0251399941605124,0
25,5621,415,130313,36,10.357593315539448,2,0,0.8586987900733939,0
64,1488,347,421286,36,8.283756070497489,0,0,8.909132292474634,0
39,14803,437,60394,12,15.969173147054658,1,1,0.3903748191060082,0
30,9237,788,181186,48,12.800851956929955,1,0,0.556769185895614,0
27,6471,478,9440,36,3.006725501809948,1,0,0.08878915153176695,0
51,4917,482,127949,60,18.0692817724048,1,1,0.7227756478139635,0
34,5237,716,282164,12,15.0763685172572,3,1,5.036817955202619,0
65,10542,374,319841,48,14.204568812787835,1,0,0.8606511513716413,0
64,13430,695,295414,36,4.399553048498131,1,1,0.6756815099974217,0
57,12544,629,338175,48,17.78991709333372,0,1,0.7889672365197073,0
64,6791,783,439875,48,9.967232284836182,0,1,1.641797315552698,0
29,7959,556,361706,24,3.983766429188155,0,0,1.973167679601423,0
61,1986,454,488520,48,19.386015116019873,0,0,7.405086291860319,0
53,3206,533,186117,48,4.357851263680407,3,1,1.6008156889679106,0
46,2830,342,441751,48,17.125564058549458,0,1,4.514296506280366,0
23,8016,580,85538,48,11.192005604757915,2,0,0.35164155002480746,0
49,8798,304,457609,24,10.341897394067486,1,0,2.442443545943614,0
27,1344,635,406221,60,6.091001363476131,1,1,6.079308395407721,0
69,12123,617,305005,12,5.909953864859344,1,1,2.1890678461878976,0
27,11525,685,339728,48,7.8441336815553075,0,1,0.7174767795498045,0
33,6446,775,177581,60,10.888757566845978,3,0,0.737076756371886,0
57,10369,539,149991,60,3.091965997433707,2,0,0.3183794122173051,0
68,1271,496,102801,48,13.197673962399161,2,1,2.649874077589643,0
45,7942,444,107790,60,11.20204606161682,3,1,0.40978236620315106,0
19,7171,782,171229,12,19.7714210189533,0,1,2.209313594488993,0
37,4287,699,230295,60,3.481973990660514,1,1,1.0467947468703556,0
54,8084,428,482280,60,19.67772662861951,0,1,1.569908815411684,0
45,3950,437,89356,48,7.1378128686122775,3,0,0.7710021616957498,0
40,4888,318,471897,12,4.092466982502126,0,0,8.224616107449588,0
47,4860,677,161547,24,13.602476572533078,3,0,1.7749041096570837,0
64,12020,757,192672,24,10.368798843547367,3,0,0.8172768183714237,0
58,14924,312,360801,60,16.56073137372533,1,1,0.6152396424042819,0
68,10305,365,452772,24,6.081826200689338,2,0,2.0071644297045657,0
26,1393,384,250939,60,17.337786176293207,3,1,5.155885227248431,0
35,2966,610,142631,12,8.787974495975913,0,0,4.200698625100566,0
40,14980,456,288585,12,7.695658474975808,2,1,1.7131485456690865,0
51,8637,301,124367,12,16.86334520933672,1,1,1.347087822182976,0
30,7498,329,48334,60,16.74150522295904,1,0,0.1993220356183086,0
64,7690,361,421804,12,7.309104280328077,3,1,4.870931206914484,0
48,13806,330,322353,48,17.976447648337782,1,0,0.7073122170143246,0
35,11954,401,421470,24,11.409166712917182,2,0,1.7001812201082653,0
36,10641,671,187635,60,14.85006713461902,3,0,0.5026848943766573,0
20,11695,304,275362,24,10.197515077992945,2,0,1.1399466989565403,0
20,7731,589,120236,24,10.827269804082242,2,0,0.8012291678040535,0
38,14512,776,102169,48,17.6077886800602,3,0,0.2673866896243724,1
23,2016,604,315962,12,17.529306875719435,0,0,14.333662004417619,0
37,14269,725,156084,48,18.758145759520943,2,0,0.3677225793867001,0
30,10176,420,466607,60,12.673687135267306,3,0,1.1241119047633779,0
26,14568,554,496958,60,13.444337099645175,0,0,0.7839566935754414,0
41,8989,759,275899,24,12.51375169604792,2,1,1.5189471648654946,0
33,6332,486,448721,24,3.8007591094895172,1,0,3.1184312164930406,0
29,13764,726,319756,48,14.673475533479413,2,0,0.686298548057257,0
18,14644,316,6966,36,19.041240836426763,3,0,0.0789054294282505,0
20,10007,699,158397,12,9.471690642864571,2,0,1.4476589217135982,0
25,9550,622,207947,12,19.02549015048342,2,0,2.069760608452777,0
43,13075,492,441093,36,19.588464549565103,2,1,1.2925622154368241,0
63,14089,325,116588,60,4.665814401577693,2,1,0.19748412408599653,0
42,14312,688,14664,36,5.689830149265003,0,0,0.031026365406626438,1
29,3013,419,6758,48,14.365003167875816,3,1,0.3604089205901674,0
23,10207,801,302471,48,15.706866980973437,1,1,0.8647762774808292,0
63,6113,674,457830,36,14.113420326770454,1,1,2.6129194577340336,0
33,2729,336,111593,36,15.249717540354094,3,0,1.7523152775294006,0
59,10629,590,330776,36,16.699167289281885,0,0,1.1048642804812172,0
37,4861,455,236300,48,3.9139823296982144,1,1,1.1574449390698354,0
43,6826,418,270970,60,11.596574335334775,3,1,1.0068096387090844,0
35,3705,402,200012,36,15.383085302788299,0,1,1.8815283120150068,0
29,9767,710,165783,24,5.539030806872516,0,1,0.7487680208478963,0
56,2889,611,36448,24,16.497281124123532,2,0,0.828411152228617,0
44,3436,833,361757,24,7.613123382027852,2,0,4.91779169527661,0
65,13246,602,94709,12,8.90473821514226,1,0,0.647611253484329,0
56,14310,810,30560,12,13.42577310005176,3,1,0.25406319321212256,0
52,4797,646,139520,36,13.186025294781807,1,1,1.0451305207877848,0
23,8821,511,164136,60,12.835215226675297,3,0,0.5238371297559363,0
54,10767,768,387578,60,4.88901233476574,2,0,0.7332017895605649,0
21,5371,608,185776,24,16.04820626242583,1,1,1.7502235062219378,0
68,14624,509,133434,60,8.833446283807994,1,0,0.20918331880603086,0
28,1706,847,495691,60,16.38040640697249,2,1,7.47635475689017,0
18,8109,309,104178,60,13.298834704025879,2,1,0.36827437168858324,0
64,2981,809,374338,36,15.044832168888707,3,0,4.657755670267741,0
55,8947,801,121576,48,11.837805571156062,3,0,0.4573476139220339,0
68,9150,427,494428,60,7.236592772185333,1,0,1.108803443205893,0
24,14429,695,463179,24,17.951716651462633,3,0,1.664217296103333,0
22,14237,582,142650,48,7.622821592239852,0,1,0.24283926866148203,0
49,3763,649,445109,48,11.999888578649927,0,1,3.1149090631822913,0
28,6709,612,336356,24,13.37777782056553,2,1,2.4818492930066145,0
30,10256,457,182722,48,9.61238282816866,1,1,0.47780443225218694,0
57,1445,336,449627,36,4.563681986252323,3,1,9.887765181311348,0
25,11077,455,73214,24,11.069350846839727,2,0,0.36243604530316254,0
53,4011,679,55114,60,14.461555919487296,3,0,0.547402793531226,0
54,14187,345,114144,12,10.956327949749403,3,0,0.7743646271361644,0
51,7321,513,456586,12,14.416396749456077,0,0,5.611945070692029,0
20,4408,367,492693,48,11.29047029548111,2,1,3.0407258520044964,0
50,5705,784,352235,60,15.175623589488179,3,0,1.6322791434952444,0
59,5708,302,6839,36,18.454855350014952,3,0,0.2012630585617184,0
38,4703,582,420896,12,9.15819246510556,2,1,7.960633689249909,0
26,8750,501,273870,48,5.866744892325833,2,1,0.8017287150902475,0
65,12146,599,111484,12,16.4398479501564,0,1,0.8346993520185165,0
50,14273,440,238977,60,5.346861869179581,1,1,0.33965289749936595,0
20,1774,580,488200,60,12.754931545900599,3,1,6.734442079644846,0
37,7190,564,288019,24,14.84190397875876,2,1,2.022733158489999,0
56,6599,702,460223,24,17.667594016998358,2,1,3.56150494323003,0
69,4834,325,458656,60,10.493527057970432,0,0,2.039064072143934,0
48,6139,564,127419,48,3.285016660653352,3,0,0.6086354661015924,0
31,3558,573,174351,12,13.130023607256959,2,0,4.548396340977469,0
39,1680,318,292090,36,19.638284083761192,0,0,6.429376600269517,0
41,11304,786,84272,12,4.70432827906429,1,0,0.6637385246768971,0
55,8033,564,87142,12,8.322509706706263,0,1,0.9452690477564204,0
32,4266,304,123303,12,19.457796359927833,2,1,2.810628209025146,0
49,1357,767,225707,48,13.941800096833843,0,1,4.540301815453543,0
57,13377,545,459164,60,19.81247514313577,1,1,0.9282482840404906,0
61,9854,756,320562,36,6.979794415248327,2,0,1.0650560932490238,0
41,8813,848,475974,24,14.751917115659278,0,1,2.6123137770726625,0
26,4175,422,74934,36,16.886535068968215,2,0,0.7826040484051761,0
45,7922,311,485744,60,19.74597199119462,3,0,1.7294476009701167,0
27,13613,828,449251,60,15.11725991633758,0,1,0.7871388903856347,0
18,8951,499,332167,60,10.841388277778645,1,1,0.837433634369028,0
59,11339,838,426206,24,5.98474686834741,0,1,1.6656478383628606,0
36,11418,418,330753,12,6.64661533646057,0,1,2.5017626554076755,0
36,2952,790,18275,48,7.6504406537048215,1,0,0.2517457997591976,1
45,13834,801,177345,24,18.51962559683342,2,1,0.686596806123544,0
51,1187,396,315551,12,13.264671591028984,3,1,24.53526036918909,0
52,3528,807,49699,12,12.599529259060152,1,0,1.340602863181174,0
50,9312,805,322550,24,3.9784740762570996,2,0,1.5682580017265944,0
46,10761,848,257145,24,8.44361209295139,2,1,1.1413500284355858,0
38,1564,612,450650,48,3.9631548881594787,0,0,6.50116527976126,0
50,1642,522,79795,36,13.869294887903264,2,0,2.0232284656940034,0
63,6134,511,491333,12,7.661987025235923,1,0,7.004163004636125,0
21,13011,371,288690,60,18.350086444254277,2,0,0.6137821344230949,0
32,10201,322,453952,60,13.583683957349423,1,1,1.0552834923098646,0
48,11847,575,489707,12,14.611572523068205,2,1,3.7739866738290297,0
34,5289,713,205440,60,15.133732156095707,3,1,1.0969628443030914,0
35,13916,425,158888,36,15.189180718628322,2,1,0.43997096142441106,0
40,14621,383,169291,36,16.029846320844385,3,0,0.46879584955720505,0
54,14649,491,84768,24,16.32500659007389,0,0,0.2842296890320149,0
37,5881,753,193257,36,9.865800062051985,2,1,1.1602942557991875,0
34,9670,504,367550,60,6.954241720379191,2,1,0.8138571006984836,0
62,14350,423,176859,48,14.71319501140575,0,1,0.3412156241606879,0
23,10546,734,456121,60,3.980772410303747,2,1,0.8530443110683993,0
61,8981,487,29941,12,13.530348271928771,0,0,0.29859750556029113,0
44,11417,562,362434,48,11.838043829798616,2,1,0.8860017810387782,0
49,9349,333,131832,48,9.925106771019017,2,1,0.4213135618864437,0
54,12063,380,213001,60,13.78776546226917,0,1,0.4089161356806027,0
52,2227,563,122398,12,9.455761667837667,1,1,4.952748990202236,0
54,6632,454,495367,36,18.198019779719573,0,0,2.707772939492261,0
34,3979,563,326203,12,5.277798176087215,0,0,7.028640810316225,0
26,11853,527,207999,48,17.441993105113102,0,1,0.5103761841621894,0
63,1108,743,417279,36,6.1951565108804045,3,0,12.302677394385116,0
24,5166,449,432687,12,12.869510074453647,1,0,7.533863611150148,0
19,12348,507,158682,24,9.146000513622594,1,0,0.6122433301415692,0
31,13930,419,279261,24,8.320081873136314,2,1,0.9526938526409574,0
46,13661,835,466857,12,3.288356734582651,3,0,2.9647313769269705,0
32,2129,414,40713,60,15.788165126377045,1,1,0.6037973043637954,0
44,7065,380,205130,48,14.668595920654035,2,0,0.888113328434613,0
36,3240,310,86384,36,9.077561862399723,3,1,1.1265763833961342,0
42,4531,559,309370,24,18.069206247823672,2,1,3.5434487768369025,0
28,4662,514,286393,24,19.707195884753062,1,1,3.1821683011220787,0
56,6498,471,439299,48,10.35279941343763,1,1,1.772289227517352,0
42,10612,806,483510,48,14.106785643379544,0,0,1.2475065412704018,0
59,1474,819,299841,60,15.022352139960763,2,0,5.24878895407744,0
43,8287,375,102179,48,4.830178041805954,2,0,0.3554070111144495,0
65,3377,360,10146,24,15.332524380859237,2,1,0.32382291450749345,0
62,13253,527,163268,24,15.33947903205757,0,1,0.599311639927964,0
50,14397,574,238136,24,17.736558677659495,1,1,0.8445117723941546,0
26,9584,788,452817,12,16.212304203714858,2,0,4.354129969538211,0
50,5256,315,191859,36,13.183758057939347,3,0,1.4043916133893224,0
49,14272,458,268621,60,8.183895317177647,0,1,0.3832915639181695,0
55,8978,433,61940,36,8.325039950575356,2,0,0.28405832276508663,0
56,9300,523,481340,24,19.580578772000592,2,1,2.688137024984996,0
39,3009,515,420561,12,16.901716031620083,1,0,12.840660848791403,0
52,8277,646,46351,48,19.979102429050087,3,0,0.2790819982102721,1
49,6057,726,255916,60,15.245146294266167,0,1,1.0106000735959109,0
44,5381,594,125339,12,13.869746677199148,2,0,2.2014769316683904,0
56,13669,728,250707,24,9.01916559734197,1,1,0.8600255620235381,0
45,3300,309,321064,60,11.794696968227644,0,1,2.154129338518489,0
37,4320,551,102178,24,13.241606336087635,3,1,1.3354935198733333,0
38,12925,734,57754,48,18.610245211374696,0,1,0.1326882585727719,0
40,14925,644,393343,60,11.159950822259638,3,0,0.6354197576976006,0
28,4398,576,393311,36,6.80395190810799,1,0,2.821527507862356,0
21,2105,599,96509,24,13.829275820978712,0,1,2.1975750438534134,0
27,10551,397,304944,24,5.034150081626593,0,0,1.2684088100359197,0
41,3008,721,394314,36,12.742074918435279,2,1,4.600087501560249,0
18,5063,546,428372,12,4.682683446398559,1,1,7.290062465855427,0
65,9679,824,274003,60,16.02340351171042,3,0,0.7817572397031967,0
66,9907,325,16414,60,7.448695974984636,3,1,0.12400351965605123,0
24,10982,835,91546,36,10.22803036562269,0,0,0.2698727404238594,1
58,8392,747,493565,12,19.42975513690269,1,1,5.467892594181381,0
37,4115,485,330895,48,6.0113684945917845,3,1,2.1076071684185975,0
69,13774,726,67104,24,18.31149112260617,0,0,0.24395347599106879,0
68,8691,427,456429,60,6.398625209999673,0,1,1.0250719683949547,0
25,5639,501,209768,24,14.994302263913477,2,0,1.9099803756543492,0
47,5627,673,152508,48,4.379081280936474,0,0,0.616566072939211,0
67,3175,336,237723,48,13.010474458778429,2,0,2.198031097759449,0
18,9773,579,9642,12,8.562871302581991,2,0,0.14747302469903908,0
54,12016,475,383732,36,18.386178159005542,0,0,1.1607259514886754,0
56,1469,699,375749,24,19.82174427961911,2,0,13.404589647660893,0
48,8286,515,51318,60,16.63074011607081,0,0,0.15269340054328898,0
21,5121,771,420784,36,13.355078859190762,3,0,2.958396563287605,0
36,12920,449,311048,60,8.685200847553602,3,0,0.5657450555588097,0
65,4052,657,474898,24,15.684304797077003,3,1,5.942969489581314,0
40,13926,498,133190,60,8.24829342959525,0,1,0.19506445462714048,0
36,3285,386,245479,60,5.563816523287609,3,0,1.703552015941722,0
40,7581,705,343283,60,12.895440867736411,1,0,1.0674556525148147,0
50,10781,682,259714,24,6.103564083395277,3,1,1.1522870312880533,0
28,9434,306,163836,36,10.563170455126137,2,0,0.6285723779075644,0
41,10979,564,164843,36,7.535785554148112,2,1,0.5219375153110394,0
64,8632,718,464133,36,15.620697695106905,0,1,1.880300955397265,0
61,2781,629,108434,12,18.60053720204867,1,1,3.6937236504328945,0
37,12997,500,195180,12,18.2830976823287,3,0,1.448057869406569,0
58,4144,589,471758,12,14.40601711747152,1,0,10.315629253229682,0
39,8946,747,338777,12,3.333855141386208,2,1,3.280105455509365,0
63,11302,356,439754,60,17.57060248565709,0,1,0.9789765682745747,0
38,12004,753,409122,60,11.89048305472214,2,1,0.8062368617960788,0
41,5129,371,81018,24,9.0204488839031,0,1,0.7217872164744862,0
29,2565,319,181903,60,13.233071296503347,1,0,1.7390205537754306,0
57,13884,777,425622,60,13.82898309643622,3,1,0.7754093668496623,0
59,2584,371,302813,60,5.555614015785014,2,0,2.4736286942883297,0
18,8019,389,254029,12,4.753053342737672,1,1,2.7457346334592274,0
33,3797,322,99190,48,11.659702488450664,2,1,0.8415883327701437,0
33,12272,381,96269,12,8.608166961735035,3,1,0.7579354449156576,0
44,9953,566,479839,24,18.989110181924232,3,0,2.5203940317297433,0
57,14821,711,472165,36,10.00966541019026,1,0,1.0483489067844247,0
47,6342,581,100951,24,14.51062185299112,2,0,0.8627146069895897,0
54,7023,688,28508,24,6.462372046971122,2,0,0.2661882052015661,1
57,2400,639,6563,24,19.685286037437457,2,1,0.3887587500334049,0
51,11203,687,142712,24,6.886954773053517,0,1,0.5696932155942431,0
61,8607,332,396245,12,5.672643697491242,2,1,4.0250727378844,0
32,6774,370,257274,48,3.477992592884457,0,1,0.8487009354644188,0
64,4336,342,402207,48,10.487463491534426,3,1,2.5819703908083476,0
32,13786,839,102160,36,5.377327531886397,2,1,0.2668768284596443,0
63,12025,637,15812,12,12.449159050628486,3,1,0.19195024012122627,0
55,9852,746,175099,60,4.42281175030776,3,1,0.4220698236638504,0
36,6522,377,366478,60,11.820850939578827,1,1,1.2908559214011457,0
46,1064,730,20641,36,10.290318806888317,2,1,1.1925225427673598,0
45,9075,705,174342,48,7.8546061671599965,2,1,0.5338081774959325,0
58,5090,651,491360,36,11.081558332954398,2,0,3.2820197449681414,0
35,1148,681,128330,60,11.727865147458363,3,1,3.2552383170347436,0
26,3237,349,45732,12,12.704751207713832,1,0,1.3525874394822628,0
38,2099,670,71571,12,4.890574082770584,2,0,3.20315611111683,0
35,12554,827,127011,24,15.13704058339695,1,0,0.5151035970953558,0
48,2786,733,461873,60,19.65742379219861,1,1,4.468390701413479,0
55,3130,773,10515,12,11.427940385933548,3,0,0.5851224858432789,0
19,14965,610,115281,12,14.300095188200954,2,1,0.7328455361421853,0
66,1438,623,134467,24,13.751778644677717,2,0,4.89596074353353,0
47,8107,678,29143,60,4.278108473052699,3,1,0.1776709018857371,0
41,13039,715,162307,36,6.090782812977947,2,0,0.4252145459494017,0
67,2924,631,415113,60,3.904837947211991,1,0,2.711054694673438,0
47,6329,833,330348,24,13.913455419540563,3,1,2.6461458489975938,0
33,10745,459,461377,24,9.609490134578532,2,1,2.029515621935329,0
37,11524,327,144370,12,18.39995229386475,0,0,1.1509316095206612,0
43,11766,383,401389,48,3.156433284859989,3,1,0.8339498479579919,0
57,5373,336,258079,36,4.44108643225598,1,1,1.4833916542000993,0
64,3649,442,199587,24,8.024646979501085,3,0,2.721025802753568,0
55,5130,770,334506,48,8.545978541624956,1,1,1.6671088791287874,0
68,7205,387,332550,48,9.933266924550118,2,0,1.2524182514986433,0
34,9460,471,50858,36,3.0305117506543966,0,0,0.15641608116681543,0
65,14283,317,160986,12,14.154430643337548,0,1,1.0128242776469945,0
34,9145,403,423716,36,16.780833587567344,1,0,1.6796560369461473,0
31,2657,409,194257,24,13.95198978068199,1,0,3.6215406051316044,0
24,6223,786,18363,60,16.737453376248606,0,0,0.07291974206901693,1
25,13786,436,246318,12,16.698953015936958,2,0,1.6705495709917924,0
23,2483,615,416667,12,16.31717218942513,0,1,15.25055220215751,0
25,4830,754,297638,24,5.56859848758182,3,0,2.9055314296467785,0
38,9807,375,9322,36,6.160747701443565,0,0,0.028986720201977224,0
30,13411,760,396292,24,7.572379461442287,3,0,1.3978095682127263,0
25,2756,308,332327,60,7.543459051025795,3,0,2.745289028052129,0
35,7471,321,159638,12,11.639899693874431,3,0,2.015361351003007,0
69,6848,602,360919,12,3.683039529444637,0,1,4.480136693001858,0
51,6977,562,263752,36,7.302836205452508,0,0,1.1724903580613133,0
57,2146,357,339507,48,14.808018916686898,2,0,4.667160813317432,0
41,12533,427,110738,36,16.886326847425806,3,0,0.3863280753685672,0
69,9683,694,388042,12,3.4217266186254953,0,0,3.401766418070329,0
40,4428,604,57843,12,3.536848545587959,1,1,1.177302226580359,0
18,5800,592,480805,12,14.014804096720702,1,1,7.4954214226764515,0
69,2190,626,69221,24,10.67640017967086,2,0,1.742397874746678,0
44,6574,716,285284,24,14.227000632814226,0,0,2.0882142703296394,0
40,6002,687,210469,48,9.049461582993434,3,1,1.023404609305137,0
25,11222,610,80283,24,8.938057992029133,1,0,0.3533618724105126,1
56,9429,725,361123,36,12.083596515840066,1,0,1.305427404185412,0
34,12683,517,332017,24,7.7738871531959175,3,0,1.252228436126759,0
60,10812,699,257109,24,8.138813053687244,1,1,1.1047565744881733,0
46,8826,449,96629,24,10.705617554418675,1,0,0.5427683567833471,0
22,7581,671,99020,36,4.277814443416654,1,1,0.426819433643824,0
52,11848,742,32683,36,8.520775272013166,0,0,0.08710638760150403,1
25,9244,845,9924,12,9.983947466686818,2,1,0.1592820397120659,0
28,14515,808,131563,24,10.183516825795655,1,0,0.43969098405622603,0
